<?xml version="1.0" encoding="UTF-8"?>
<part_info part_name="xcku5p-ffvb676-2-i">
    <pins>
        <!-- System clocks -->
        <pin index="0" name="SYS_CLK_P" loc="K22" iostandard="DIFF_SSTL12"/>
        <pin index="1" name="SYS_CLK_N" loc="K23" iostandard="DIFF_SSTL12"/>

        <!-- Reset and key -->
        <pin index="10" name="SYS_RST_N" loc="J14" iostandard="LVCMOS33"/>
        <pin index="11" name="KEY0"      loc="J15" iostandard="LVCMOS33"/>

        <!-- Fan PWM -->
        <pin index="20" name="FAN_PWM"   loc="Y16" iostandard="LVCMOS33"/>

        <!-- User LEDs -->
        <pin index="30" name="LED0"      loc="J12" iostandard="LVCMOS33"/>
        <pin index="31" name="LED1"      loc="H14" iostandard="LVCMOS33"/>
        <pin index="32" name="LED2"      loc="F13" iostandard="LVCMOS33"/>
        <pin index="33" name="LED3"      loc="H12" iostandard="LVCMOS33"/>

        <!-- UART -->
        <pin index="40" name="UART_TXD"  loc="AD15" iostandard="LVCMOS33"/>
        <pin index="41" name="UART_RXD"  loc="AE15" iostandard="LVCMOS33"/>

        <!-- microSD (SPI mode) -->
        <pin index="50" name="SD_SCK"    loc="Y13"  iostandard="LVCMOS33"/>
        <pin index="51" name="SD_CS"     loc="AF14" iostandard="LVCMOS33"/>
        <pin index="52" name="SD_MOSI"   loc="AA13" iostandard="LVCMOS33"/>
        <pin index="53" name="SD_MISO"   loc="W13"  iostandard="LVCMOS33"/>
        <pin index="54" name="SD_CD"     loc="AD14" iostandard="LVCMOS33"/>

        <!-- Ethernet RGMII -->
        <pin index="80" name="ETH_MDC"   loc="N26" iostandard="LVCMOS18"/>
        <pin index="81" name="ETH_MDIO"  loc="U19" iostandard="LVCMOS18"/>
        <pin index="82" name="ETH_RESET" loc="N22" iostandard="LVCMOS18"/>

        <pin index="83" name="ETH_RXCK"  loc="U21" iostandard="LVCMOS18"/>
        <pin index="84" name="ETH_RXCTL" loc="R23" iostandard="LVCMOS18"/>
        <pin index="85" name="ETH_RXD0"  loc="V19" iostandard="LVCMOS18"/>
        <pin index="86" name="ETH_RXD1"  loc="P20" iostandard="LVCMOS18"/>
        <pin index="87" name="ETH_RXD2"  loc="P21" iostandard="LVCMOS18"/>
        <pin index="88" name="ETH_RXD3"  loc="R22" iostandard="LVCMOS18"/>

        <pin index="89" name="ETH_TXCK"  loc="R25" iostandard="LVCMOS18"/>
        <pin index="90" name="ETH_TXCTL" loc="R26" iostandard="LVCMOS18"/>
        <pin index="91" name="ETH_TXD0"  loc="V21" iostandard="LVCMOS18"/>
        <pin index="92" name="ETH_TXD1"  loc="V22" iostandard="LVCMOS18"/>
        <pin index="93" name="ETH_TXD2"  loc="N19" iostandard="LVCMOS18"/>
        <pin index="94" name="ETH_TXD3"  loc="P19" iostandard="LVCMOS18"/>

        <!-- HDMI control / DDC / HPD -->
        <pin index="100" name="HDMI_NRESET"       loc="Y20"  iostandard="LVCMOS18"/>
        <pin index="101" name="HDMI_SCL"          loc="AB17" iostandard="LVCMOS18"/>
        <pin index="102" name="HDMI_SDA"          loc="AC17" iostandard="LVCMOS18"/>
        <pin index="103" name="HDMI_HPD"          loc="AD19" iostandard="LVCMOS18"/>
        <pin index="104" name="HDMI_DDC_SCL_IO"   loc="Y18"  iostandard="LVCMOS18"/>
        <pin index="105" name="HDMI_DDC_SDA_IO"   loc="AA18" iostandard="LVCMOS18"/>

    </pins>
</part_info>
